user_id,signup_date,event_date
U0001,2025-09-01,2025-09-01
U0001,2025-09-01,2025-09-09
U0001,2025-09-01,2025-09-15
U0001,2025-09-01,2025-09-25
U0001,2025-09-01,2025-09-29
U0001,2025-09-01,2025-10-07
U0002,2025-09-01,2025-09-01
U0002,2025-09-01,2025-09-14
U0002,2025-09-01,2025-09-21
U0002,2025-09-01,2025-09-23
U0003,2025-09-01,2025-09-01
U0004,2025-09-01,2025-09-01
U0005,2025-09-01,2025-09-01
U0005,2025-09-01,2025-09-12
U0005,2025-09-01,2025-09-20
U0006,2025-09-01,2025-09-01
U0006,2025-09-01,2025-09-09
U0007,2025-09-01,2025-09-01
U0007,2025-09-01,2025-09-11
U0007,2025-09-01,2025-09-16
U0008,2025-09-01,2025-09-01
U0008,2025-09-01,2025-09-12
U0009,2025-09-01,2025-09-01
U0010,2025-09-01,2025-09-01
U0010,2025-09-01,2025-09-14
U0011,2025-09-01,2025-09-01
U0011,2025-09-01,2025-09-08
U0012,2025-09-01,2025-09-01
U0012,2025-09-01,2025-09-11
U0012,2025-09-01,2025-09-16
U0012,2025-09-01,2025-09-26
U0013,2025-09-01,2025-09-01
U0013,2025-09-01,2025-09-09
U0013,2025-09-01,2025-09-15
U0013,2025-09-01,2025-09-23
U0013,2025-09-01,2025-10-02
U0014,2025-09-01,2025-09-01
U0015,2025-09-01,2025-09-01
U0015,2025-09-01,2025-09-12
U0015,2025-09-01,2025-09-17
U0016,2025-09-01,2025-09-01
U0016,2025-09-01,2025-09-12
U0017,2025-09-01,2025-09-01
U0018,2025-09-01,2025-09-01
U0018,2025-09-01,2025-09-10
U0019,2025-09-01,2025-09-01
U0019,2025-09-01,2025-09-10
U0019,2025-09-01,2025-09-21
U0020,2025-09-01,2025-09-01
U0020,2025-09-01,2025-09-13
U0020,2025-09-01,2025-09-15
U0020,2025-09-01,2025-09-27
U0021,2025-09-01,2025-09-01
U0021,2025-09-01,2025-09-09
U0022,2025-09-01,2025-09-01
U0022,2025-09-01,2025-09-13
U0023,2025-09-01,2025-09-01
U0023,2025-09-01,2025-09-10
U0023,2025-09-01,2025-09-19
U0023,2025-09-01,2025-09-27
U0023,2025-09-01,2025-09-29
U0023,2025-09-01,2025-10-07
U0024,2025-09-01,2025-09-01
U0025,2025-09-01,2025-09-01
U0025,2025-09-01,2025-09-11
U0025,2025-09-01,2025-09-18
U0025,2025-09-01,2025-09-25
U0026,2025-09-01,2025-09-01
U0026,2025-09-01,2025-09-11
U0026,2025-09-01,2025-09-16
U0026,2025-09-01,2025-09-25
U0027,2025-09-01,2025-09-01
U0027,2025-09-01,2025-09-14
U0027,2025-09-01,2025-09-19
U0028,2025-09-01,2025-09-01
U0028,2025-09-01,2025-09-11
U0029,2025-09-01,2025-09-01
U0029,2025-09-01,2025-09-11
U0029,2025-09-01,2025-09-21
U0030,2025-09-01,2025-09-01
U0031,2025-09-01,2025-09-01
U0031,2025-09-01,2025-09-08
U0032,2025-09-01,2025-09-01
U0032,2025-09-01,2025-09-12
U0033,2025-09-01,2025-09-01
U0034,2025-09-01,2025-09-01
U0034,2025-09-01,2025-09-14
U0035,2025-09-01,2025-09-01
U0035,2025-09-01,2025-09-12
U0035,2025-09-01,2025-09-17
U0036,2025-09-01,2025-09-01
U0036,2025-09-01,2025-09-13
U0037,2025-09-01,2025-09-01
U0037,2025-09-01,2025-09-12
U0038,2025-09-01,2025-09-01
U0038,2025-09-01,2025-09-10
U0039,2025-09-01,2025-09-01
U0040,2025-09-01,2025-09-01
U0040,2025-09-01,2025-09-14
U0041,2025-09-01,2025-09-01
U0041,2025-09-01,2025-09-09
U0042,2025-09-01,2025-09-01
U0042,2025-09-01,2025-09-09
U0043,2025-09-01,2025-09-01
U0043,2025-09-01,2025-09-14
U0043,2025-09-01,2025-10-05
U0044,2025-09-01,2025-09-01
U0044,2025-09-01,2025-09-10
U0045,2025-09-01,2025-09-01
U0045,2025-09-01,2025-09-13
U0046,2025-09-01,2025-09-01
U0046,2025-09-01,2025-09-09
U0047,2025-09-01,2025-09-01
U0047,2025-09-01,2025-09-10
U0047,2025-09-01,2025-09-21
U0048,2025-09-01,2025-09-01
U0049,2025-09-01,2025-09-01
U0049,2025-09-01,2025-09-14
U0049,2025-09-01,2025-09-20
U0050,2025-09-01,2025-09-01
U0051,2025-09-01,2025-09-01
U0051,2025-09-01,2025-09-13
U0052,2025-09-01,2025-09-01
U0052,2025-09-01,2025-09-11
U0053,2025-09-01,2025-09-01
U0053,2025-09-01,2025-09-11
U0054,2025-09-01,2025-09-01
U0054,2025-09-01,2025-09-11
U0054,2025-09-01,2025-09-15
U0054,2025-09-01,2025-09-24
U0054,2025-09-01,2025-09-29
U0055,2025-09-01,2025-09-01
U0056,2025-09-01,2025-09-01
U0057,2025-09-01,2025-09-01
U0057,2025-09-01,2025-09-14
U0057,2025-09-01,2025-09-20
U0057,2025-09-01,2025-09-25
U0057,2025-09-01,2025-10-04
U0058,2025-09-01,2025-09-01
U0059,2025-09-01,2025-09-01
U0060,2025-09-01,2025-09-01
U0060,2025-09-01,2025-09-13
U0061,2025-09-01,2025-09-01
U0061,2025-09-01,2025-09-12
U0061,2025-09-01,2025-09-21
U0062,2025-09-01,2025-09-01
U0062,2025-09-01,2025-09-11
U0063,2025-09-01,2025-09-01
U0063,2025-09-01,2025-09-13
U0064,2025-09-01,2025-09-01
U0064,2025-09-01,2025-09-09
U0065,2025-09-01,2025-09-01
U0065,2025-09-01,2025-09-14
U0065,2025-09-01,2025-09-18
U0066,2025-09-08,2025-09-08
U0066,2025-09-08,2025-09-16
U0067,2025-09-08,2025-09-08
U0067,2025-09-08,2025-09-18
U0068,2025-09-08,2025-09-08
U0068,2025-09-08,2025-09-21
U0068,2025-09-08,2025-09-26
U0069,2025-09-08,2025-09-08
U0069,2025-09-08,2025-09-20
U0070,2025-09-08,2025-09-08
U0070,2025-09-08,2025-09-21
U0070,2025-09-08,2025-09-24
U0070,2025-09-08,2025-10-05
U0071,2025-09-08,2025-09-08
U0071,2025-09-08,2025-09-17
U0071,2025-09-08,2025-09-26
U0071,2025-09-08,2025-09-30
U0072,2025-09-08,2025-09-08
U0072,2025-09-08,2025-09-16
U0073,2025-09-08,2025-09-08
U0073,2025-09-08,2025-09-21
U0074,2025-09-08,2025-09-08
U0074,2025-09-08,2025-09-21
U0074,2025-09-08,2025-09-27
U0075,2025-09-08,2025-09-08
U0075,2025-09-08,2025-09-18
U0076,2025-09-08,2025-09-08
U0076,2025-09-08,2025-09-18
U0076,2025-09-08,2025-09-25
U0077,2025-09-08,2025-09-08
U0078,2025-09-08,2025-09-08
U0078,2025-09-08,2025-09-17
U0079,2025-09-08,2025-09-08
U0079,2025-09-08,2025-09-21
U0080,2025-09-08,2025-09-08
U0080,2025-09-08,2025-09-17
U0080,2025-09-08,2025-09-30
U0081,2025-09-08,2025-09-08
U0081,2025-09-08,2025-09-15
U0081,2025-09-08,2025-09-22
U0082,2025-09-08,2025-09-08
U0082,2025-09-08,2025-09-19
U0083,2025-09-08,2025-09-08
U0083,2025-09-08,2025-09-19
U0083,2025-09-08,2025-09-24
U0084,2025-09-08,2025-09-08
U0084,2025-09-08,2025-09-19
U0084,2025-09-08,2025-09-28
U0084,2025-09-08,2025-10-04
U0085,2025-09-08,2025-09-08
U0085,2025-09-08,2025-09-18
U0085,2025-09-08,2025-10-12
U0086,2025-09-08,2025-09-08
U0086,2025-09-08,2025-09-18
U0087,2025-09-08,2025-09-08
U0087,2025-09-08,2025-09-20
U0088,2025-09-08,2025-09-08
U0089,2025-09-08,2025-09-08
U0089,2025-09-08,2025-09-16
U0090,2025-09-08,2025-09-08
U0090,2025-09-08,2025-09-19
U0091,2025-09-08,2025-09-08
U0091,2025-09-08,2025-09-17
U0092,2025-09-08,2025-09-08
U0092,2025-09-08,2025-09-15
U0093,2025-09-08,2025-09-08
U0093,2025-09-08,2025-09-16
U0094,2025-09-08,2025-09-08
U0094,2025-09-08,2025-09-16
U0094,2025-09-08,2025-09-23
U0095,2025-09-08,2025-09-08
U0095,2025-09-08,2025-09-20
U0095,2025-09-08,2025-09-24
U0095,2025-09-08,2025-09-29
U0096,2025-09-08,2025-09-08
U0097,2025-09-08,2025-09-08
U0097,2025-09-08,2025-09-21
U0098,2025-09-08,2025-09-08
U0098,2025-09-08,2025-09-16
U0098,2025-09-08,2025-09-27
U0099,2025-09-08,2025-09-08
U0099,2025-09-08,2025-09-16
U0099,2025-09-08,2025-09-22
U0100,2025-09-08,2025-09-08
U0100,2025-09-08,2025-09-21
U0100,2025-09-08,2025-09-28
U0101,2025-09-08,2025-09-08
U0101,2025-09-08,2025-09-21
U0102,2025-09-08,2025-09-08
U0103,2025-09-08,2025-09-08
U0103,2025-09-08,2025-09-18
U0104,2025-09-08,2025-09-08
U0104,2025-09-08,2025-09-15
U0105,2025-09-08,2025-09-08
U0105,2025-09-08,2025-09-20
U0105,2025-09-08,2025-09-23
U0105,2025-09-08,2025-10-02
U0106,2025-09-08,2025-09-08
U0106,2025-09-08,2025-09-21
U0106,2025-09-08,2025-09-27
U0107,2025-09-08,2025-09-08
U0108,2025-09-08,2025-09-08
U0108,2025-09-08,2025-09-17
U0109,2025-09-08,2025-09-08
U0109,2025-09-08,2025-09-19
U0110,2025-09-08,2025-09-08
U0110,2025-09-08,2025-09-17
U0110,2025-09-08,2025-09-25
U0111,2025-09-08,2025-09-08
U0111,2025-09-08,2025-09-15
U0112,2025-09-08,2025-09-08
U0113,2025-09-08,2025-09-08
U0113,2025-09-08,2025-09-21
U0113,2025-09-08,2025-09-26
U0113,2025-09-08,2025-10-03
U0114,2025-09-08,2025-09-08
U0114,2025-09-08,2025-09-17
U0115,2025-09-08,2025-09-08
U0115,2025-09-08,2025-09-18
U0116,2025-09-08,2025-09-08
U0116,2025-09-08,2025-09-21
U0116,2025-09-08,2025-09-26
U0117,2025-09-08,2025-09-08
U0117,2025-09-08,2025-09-19
U0118,2025-09-08,2025-09-08
U0118,2025-09-08,2025-09-19
U0119,2025-09-08,2025-09-08
U0119,2025-09-08,2025-09-20
U0119,2025-09-08,2025-09-26
U0119,2025-09-08,2025-10-02
U0120,2025-09-08,2025-09-08
U0120,2025-09-08,2025-09-21
U0120,2025-09-08,2025-09-27
U0120,2025-09-08,2025-10-05
U0121,2025-09-08,2025-09-08
U0121,2025-09-08,2025-09-19
U0122,2025-09-08,2025-09-08
U0123,2025-09-08,2025-09-08
U0124,2025-09-08,2025-09-08
U0124,2025-09-08,2025-09-19
U0125,2025-09-08,2025-09-08
U0125,2025-09-08,2025-09-17
U0126,2025-09-08,2025-09-08
U0126,2025-09-08,2025-09-20
U0127,2025-09-08,2025-09-08
U0127,2025-09-08,2025-09-18
U0127,2025-09-08,2025-09-27
U0128,2025-09-08,2025-09-08
U0128,2025-09-08,2025-09-19
U0128,2025-09-08,2025-09-22
U0129,2025-09-08,2025-09-08
U0130,2025-09-08,2025-09-08
U0130,2025-09-08,2025-09-17
U0130,2025-09-08,2025-09-27
U0130,2025-09-08,2025-10-04
U0131,2025-09-08,2025-09-08
U0132,2025-09-08,2025-09-08
U0132,2025-09-08,2025-09-15
U0132,2025-09-08,2025-09-23
U0133,2025-09-08,2025-09-08
U0134,2025-09-08,2025-09-08
U0134,2025-09-08,2025-09-15
U0134,2025-09-08,2025-09-24
U0134,2025-09-08,2025-09-30
U0135,2025-09-08,2025-09-08
U0135,2025-09-08,2025-09-21
U0136,2025-09-15,2025-09-15
U0136,2025-09-15,2025-09-27
U0136,2025-09-15,2025-10-05
U0136,2025-09-15,2025-10-08
U0137,2025-09-15,2025-09-15
U0137,2025-09-15,2025-09-27
U0137,2025-09-15,2025-10-01
U0137,2025-09-15,2025-10-09
U0137,2025-09-15,2025-10-15
U0138,2025-09-15,2025-09-15
U0139,2025-09-15,2025-09-15
U0139,2025-09-15,2025-09-27
U0140,2025-09-15,2025-09-15
U0141,2025-09-15,2025-09-15
U0142,2025-09-15,2025-09-15
U0142,2025-09-15,2025-09-24
U0143,2025-09-15,2025-09-15
U0144,2025-09-15,2025-09-15
U0144,2025-09-15,2025-09-26
U0144,2025-09-15,2025-09-30
U0145,2025-09-15,2025-09-15
U0145,2025-09-15,2025-09-26
U0145,2025-09-15,2025-10-01
U0146,2025-09-15,2025-09-15
U0147,2025-09-15,2025-09-15
U0147,2025-09-15,2025-09-22
U0148,2025-09-15,2025-09-15
U0148,2025-09-15,2025-09-27
U0149,2025-09-15,2025-09-15
U0149,2025-09-15,2025-10-13
U0150,2025-09-15,2025-09-15
U0151,2025-09-15,2025-09-15
U0152,2025-09-15,2025-09-15
U0152,2025-09-15,2025-09-26
U0152,2025-09-15,2025-10-03
U0153,2025-09-15,2025-09-15
U0153,2025-09-15,2025-09-25
U0153,2025-09-15,2025-10-02
U0153,2025-09-15,2025-10-07
U0154,2025-09-15,2025-09-15
U0155,2025-09-15,2025-09-15
U0155,2025-09-15,2025-09-25
U0156,2025-09-15,2025-09-15
U0156,2025-09-15,2025-09-27
U0156,2025-09-15,2025-10-02
U0156,2025-09-15,2025-10-11
U0156,2025-09-15,2025-10-18
U0156,2025-09-15,2025-10-20
U0157,2025-09-15,2025-09-15
U0157,2025-09-15,2025-09-22
U0157,2025-09-15,2025-10-01
U0158,2025-09-15,2025-09-15
U0159,2025-09-15,2025-09-15
U0159,2025-09-15,2025-09-23
U0160,2025-09-15,2025-09-15
U0161,2025-09-15,2025-09-15
U0161,2025-09-15,2025-09-22
U0161,2025-09-15,2025-10-05
U0162,2025-09-15,2025-09-15
U0162,2025-09-15,2025-09-25
U0162,2025-09-15,2025-10-04
U0162,2025-09-15,2025-10-10
U0162,2025-09-15,2025-10-17
U0163,2025-09-15,2025-09-15
U0163,2025-09-15,2025-09-24
U0163,2025-09-15,2025-10-02
U0164,2025-09-15,2025-09-15
U0164,2025-09-15,2025-09-22
U0164,2025-09-15,2025-09-30
U0165,2025-09-15,2025-09-15
U0165,2025-09-15,2025-09-26
U0166,2025-09-15,2025-09-15
U0166,2025-09-15,2025-09-28
U0167,2025-09-15,2025-09-15
U0167,2025-09-15,2025-09-23
U0167,2025-09-15,2025-10-04
U0167,2025-09-15,2025-10-09
U0168,2025-09-15,2025-09-15
U0168,2025-09-15,2025-09-22
U0168,2025-09-15,2025-10-04
U0168,2025-09-15,2025-10-07
U0169,2025-09-15,2025-09-15
U0169,2025-09-15,2025-09-24
U0169,2025-09-15,2025-10-04
U0169,2025-09-15,2025-10-08
U0170,2025-09-15,2025-09-15
U0170,2025-09-15,2025-09-23
U0170,2025-09-15,2025-09-29
U0171,2025-09-15,2025-09-15
U0172,2025-09-15,2025-09-15
U0173,2025-09-15,2025-09-15
U0173,2025-09-15,2025-09-24
U0173,2025-09-15,2025-10-01
U0173,2025-09-15,2025-10-06
U0173,2025-09-15,2025-10-14
U0173,2025-09-15,2025-10-25
U0174,2025-09-15,2025-09-15
U0174,2025-09-15,2025-09-23
U0174,2025-09-15,2025-10-04
U0175,2025-09-15,2025-09-15
U0175,2025-09-15,2025-09-28
U0175,2025-09-15,2025-10-04
U0176,2025-09-15,2025-09-15
U0176,2025-09-15,2025-09-24
U0176,2025-09-15,2025-10-01
U0177,2025-09-15,2025-09-15
U0177,2025-09-15,2025-09-26
U0178,2025-09-15,2025-09-15
U0179,2025-09-15,2025-09-15
U0179,2025-09-15,2025-09-23
U0179,2025-09-15,2025-10-04
U0180,2025-09-15,2025-09-15
U0180,2025-09-15,2025-09-27
U0181,2025-09-15,2025-09-15
U0181,2025-09-15,2025-09-26
U0181,2025-09-15,2025-10-02
U0181,2025-09-15,2025-10-08
U0181,2025-09-15,2025-10-18
U0182,2025-09-15,2025-09-15
U0182,2025-09-15,2025-09-26
U0182,2025-09-15,2025-10-05
U0182,2025-09-15,2025-10-07
U0182,2025-09-15,2025-10-18
U0183,2025-09-15,2025-09-15
U0183,2025-09-15,2025-09-28
U0183,2025-09-15,2025-10-01
U0183,2025-09-15,2025-10-10
U0183,2025-09-15,2025-10-19
U0184,2025-09-15,2025-09-15
U0185,2025-09-15,2025-09-15
U0185,2025-09-15,2025-09-26
U0185,2025-09-15,2025-10-02
U0185,2025-09-15,2025-10-09
U0186,2025-09-15,2025-09-15
U0186,2025-09-15,2025-09-25
U0187,2025-09-15,2025-09-15
U0188,2025-09-15,2025-09-15
U0188,2025-09-15,2025-09-26
U0189,2025-09-15,2025-09-15
U0189,2025-09-15,2025-09-23
U0189,2025-09-15,2025-10-02
U0190,2025-09-15,2025-09-15
U0191,2025-09-22,2025-09-22
U0191,2025-09-22,2025-10-04
U0191,2025-09-22,2025-10-09
U0192,2025-09-22,2025-09-22
U0192,2025-09-22,2025-10-05
U0193,2025-09-22,2025-09-22
U0193,2025-09-22,2025-09-29
U0193,2025-09-22,2025-10-12
U0194,2025-09-22,2025-09-22
U0194,2025-09-22,2025-09-30
U0195,2025-09-22,2025-09-22
U0195,2025-09-22,2025-10-04
U0196,2025-09-22,2025-09-22
U0197,2025-09-22,2025-09-22
U0198,2025-09-22,2025-09-22
U0198,2025-09-22,2025-10-02
U0198,2025-09-22,2025-10-21
U0199,2025-09-22,2025-09-22
U0199,2025-09-22,2025-09-30
U0199,2025-09-22,2025-10-07
U0200,2025-09-22,2025-09-22
U0200,2025-09-22,2025-10-04
U0200,2025-09-22,2025-10-12
U0201,2025-09-22,2025-09-22
U0201,2025-09-22,2025-10-03
U0202,2025-09-22,2025-09-22
U0203,2025-09-22,2025-09-22
U0203,2025-09-22,2025-10-01
U0203,2025-09-22,2025-10-07
U0204,2025-09-22,2025-09-22
U0204,2025-09-22,2025-10-03
U0205,2025-09-22,2025-09-22
U0205,2025-09-22,2025-09-30
U0206,2025-09-22,2025-09-22
U0206,2025-09-22,2025-10-05
U0206,2025-09-22,2025-10-06
U0206,2025-09-22,2025-10-13
U0207,2025-09-22,2025-09-22
U0207,2025-09-22,2025-09-30
U0208,2025-09-22,2025-09-22
U0208,2025-09-22,2025-10-01
U0208,2025-09-22,2025-10-06
U0209,2025-09-22,2025-09-22
U0209,2025-09-22,2025-10-05
U0210,2025-09-22,2025-09-22
U0211,2025-09-22,2025-09-22
U0211,2025-09-22,2025-10-12
U0212,2025-09-22,2025-09-22
U0212,2025-09-22,2025-10-04
U0213,2025-09-22,2025-09-22
U0213,2025-09-22,2025-09-30
U0214,2025-09-22,2025-09-22
U0215,2025-09-22,2025-09-22
U0215,2025-09-22,2025-09-30
U0215,2025-09-22,2025-10-06
U0216,2025-09-22,2025-09-22
U0216,2025-09-22,2025-10-01
U0216,2025-09-22,2025-10-10
U0217,2025-09-22,2025-09-22
U0218,2025-09-22,2025-09-22
U0218,2025-09-22,2025-10-05
U0219,2025-09-22,2025-09-22
U0219,2025-09-22,2025-10-05
U0220,2025-09-22,2025-09-22
U0220,2025-09-22,2025-10-05
U0221,2025-09-22,2025-09-22
U0221,2025-09-22,2025-10-04
U0221,2025-09-22,2025-10-06
U0222,2025-09-22,2025-09-22
U0222,2025-09-22,2025-10-05
U0222,2025-09-22,2025-10-08
U0222,2025-09-22,2025-10-19
U0223,2025-09-22,2025-09-22
U0223,2025-09-22,2025-10-02
U0224,2025-09-22,2025-09-22
U0224,2025-09-22,2025-10-02
U0224,2025-09-22,2025-10-12
U0225,2025-09-22,2025-09-22
U0225,2025-09-22,2025-10-05
U0225,2025-09-22,2025-10-08
U0226,2025-09-22,2025-09-22
U0227,2025-09-22,2025-09-22
U0227,2025-09-22,2025-10-05
U0227,2025-09-22,2025-10-11
U0228,2025-09-22,2025-09-22
U0228,2025-09-22,2025-10-05
U0229,2025-09-22,2025-09-22
U0229,2025-09-22,2025-10-02
U0229,2025-09-22,2025-10-06
U0229,2025-09-22,2025-10-17
U0229,2025-09-22,2025-10-21
U0230,2025-09-22,2025-09-22
U0231,2025-09-22,2025-09-22
U0231,2025-09-22,2025-09-29
U0231,2025-09-22,2025-10-07
U0232,2025-09-22,2025-09-22
U0232,2025-09-22,2025-10-02
U0233,2025-09-22,2025-09-22
U0233,2025-09-22,2025-09-30
U0234,2025-09-22,2025-09-22
U0234,2025-09-22,2025-10-04
U0234,2025-09-22,2025-10-11
U0234,2025-09-22,2025-10-17
U0234,2025-09-22,2025-10-25
U0235,2025-09-22,2025-09-22
U0235,2025-09-22,2025-09-30
U0236,2025-09-22,2025-09-22
U0236,2025-09-22,2025-10-02
U0237,2025-09-22,2025-09-22
U0237,2025-09-22,2025-10-04
U0238,2025-09-22,2025-09-22
U0238,2025-09-22,2025-10-01
U0239,2025-09-22,2025-09-22
U0240,2025-09-22,2025-09-22
U0240,2025-09-22,2025-09-30
U0240,2025-09-22,2025-10-12
U0240,2025-09-22,2025-10-13
U0240,2025-09-22,2025-10-25
U0240,2025-09-22,2025-10-31
U0240,2025-09-22,2025-11-08
U0241,2025-09-22,2025-09-22
U0241,2025-09-22,2025-10-04
U0241,2025-09-22,2025-10-10
U0242,2025-09-22,2025-09-22
U0243,2025-09-22,2025-09-22
U0243,2025-09-22,2025-10-04
U0244,2025-09-22,2025-09-22
U0244,2025-09-22,2025-09-29
U0244,2025-09-22,2025-10-11
U0244,2025-09-22,2025-10-14
U0245,2025-09-22,2025-09-22
U0245,2025-09-22,2025-10-02
U0245,2025-09-22,2025-10-09
U0245,2025-09-22,2025-10-18
U0245,2025-09-22,2025-10-26
U0246,2025-09-22,2025-09-22
U0246,2025-09-22,2025-09-30
U0246,2025-09-22,2025-10-06
U0246,2025-09-22,2025-10-16
U0247,2025-09-22,2025-09-22
U0248,2025-09-22,2025-09-22
U0248,2025-09-22,2025-10-03
U0248,2025-09-22,2025-10-08
U0248,2025-09-22,2025-10-16
U0249,2025-09-22,2025-09-22
U0249,2025-09-22,2025-10-05
U0250,2025-09-22,2025-09-22
U0250,2025-09-22,2025-10-01
U0251,2025-09-29,2025-09-29
U0251,2025-09-29,2025-10-07
U0251,2025-09-29,2025-10-15
U0252,2025-09-29,2025-09-29
U0253,2025-09-29,2025-09-29
U0253,2025-09-29,2025-10-12
U0254,2025-09-29,2025-09-29
U0254,2025-09-29,2025-10-09
U0254,2025-09-29,2025-10-13
U0255,2025-09-29,2025-09-29
U0255,2025-09-29,2025-10-10
U0255,2025-09-29,2025-10-16
U0256,2025-09-29,2025-09-29
U0257,2025-09-29,2025-09-29
U0257,2025-09-29,2025-10-08
U0257,2025-09-29,2025-10-13
U0258,2025-09-29,2025-09-29
U0258,2025-09-29,2025-10-06
U0259,2025-09-29,2025-09-29
U0259,2025-09-29,2025-10-07
U0260,2025-09-29,2025-09-29
U0260,2025-09-29,2025-10-12
U0260,2025-09-29,2025-10-19
U0261,2025-09-29,2025-09-29
U0261,2025-09-29,2025-10-08
U0261,2025-09-29,2025-10-17
U0262,2025-09-29,2025-09-29
U0262,2025-09-29,2025-10-07
U0263,2025-09-29,2025-09-29
U0263,2025-09-29,2025-10-07
U0263,2025-09-29,2025-10-17
U0264,2025-09-29,2025-09-29
U0264,2025-09-29,2025-10-11
U0265,2025-09-29,2025-09-29
U0265,2025-09-29,2025-10-08
U0266,2025-09-29,2025-09-29
U0266,2025-09-29,2025-10-10
U0266,2025-09-29,2025-10-13
U0267,2025-09-29,2025-09-29
U0267,2025-09-29,2025-10-12
U0268,2025-09-29,2025-09-29
U0268,2025-09-29,2025-10-09
U0268,2025-09-29,2025-10-18
U0269,2025-09-29,2025-09-29
U0269,2025-09-29,2025-10-07
U0269,2025-09-29,2025-10-13
U0270,2025-09-29,2025-09-29
U0270,2025-09-29,2025-10-11
U0270,2025-09-29,2025-10-18
U0271,2025-09-29,2025-09-29
U0271,2025-09-29,2025-10-09
U0272,2025-09-29,2025-09-29
U0272,2025-09-29,2025-10-12
U0272,2025-09-29,2025-10-18
U0272,2025-09-29,2025-10-30
U0273,2025-09-29,2025-09-29
U0274,2025-09-29,2025-09-29
U0274,2025-09-29,2025-10-09
U0275,2025-09-29,2025-09-29
U0275,2025-09-29,2025-10-08
U0276,2025-09-29,2025-09-29
U0277,2025-09-29,2025-09-29
U0278,2025-09-29,2025-09-29
U0278,2025-09-29,2025-10-06
U0279,2025-09-29,2025-09-29
U0279,2025-09-29,2025-10-08
U0280,2025-09-29,2025-09-29
U0281,2025-09-29,2025-09-29
U0281,2025-09-29,2025-10-11
U0281,2025-09-29,2025-10-14
U0281,2025-09-29,2025-10-23
U0281,2025-09-29,2025-11-02
U0282,2025-09-29,2025-09-29
U0282,2025-09-29,2025-10-08
U0282,2025-09-29,2025-10-15
U0282,2025-09-29,2025-10-25
U0283,2025-09-29,2025-09-29
U0283,2025-09-29,2025-10-08
U0284,2025-09-29,2025-09-29
U0284,2025-09-29,2025-10-10
U0285,2025-09-29,2025-09-29
U0285,2025-09-29,2025-10-12
U0286,2025-09-29,2025-09-29
U0286,2025-09-29,2025-10-09
U0287,2025-09-29,2025-09-29
U0288,2025-09-29,2025-09-29
U0288,2025-09-29,2025-10-12
U0288,2025-09-29,2025-10-13
U0289,2025-09-29,2025-09-29
U0289,2025-09-29,2025-10-06
U0289,2025-09-29,2025-10-13
U0290,2025-09-29,2025-09-29
U0290,2025-09-29,2025-10-06
U0291,2025-09-29,2025-09-29
U0291,2025-09-29,2025-10-06
U0292,2025-09-29,2025-09-29
U0292,2025-09-29,2025-10-12
U0292,2025-09-29,2025-10-18
U0292,2025-09-29,2025-10-23
U0293,2025-09-29,2025-09-29
U0294,2025-09-29,2025-09-29
U0294,2025-09-29,2025-10-12
U0295,2025-09-29,2025-09-29
U0295,2025-09-29,2025-10-07
U0296,2025-09-29,2025-09-29
U0297,2025-09-29,2025-09-29
U0297,2025-09-29,2025-10-07
U0297,2025-09-29,2025-10-18
U0298,2025-09-29,2025-09-29
U0299,2025-09-29,2025-09-29
U0299,2025-09-29,2025-10-09
U0300,2025-09-29,2025-09-29
U0300,2025-09-29,2025-10-07
U0300,2025-09-29,2025-10-19
U0301,2025-09-29,2025-09-29
U0302,2025-09-29,2025-09-29
U0302,2025-09-29,2025-10-08
U0302,2025-09-29,2025-10-14
U0302,2025-09-29,2025-10-22
U0302,2025-09-29,2025-10-31
U0303,2025-09-29,2025-09-29
U0303,2025-09-29,2025-10-08
U0304,2025-09-29,2025-09-29
U0304,2025-09-29,2025-10-07
U0305,2025-09-29,2025-09-29
U0305,2025-09-29,2025-10-12
U0306,2025-09-29,2025-09-29
U0307,2025-09-29,2025-09-29
U0307,2025-09-29,2025-10-11
U0307,2025-09-29,2025-10-16
U0308,2025-09-29,2025-09-29
U0308,2025-09-29,2025-10-11
U0308,2025-09-29,2025-10-19
U0309,2025-09-29,2025-09-29
U0310,2025-09-29,2025-09-29
U0310,2025-09-29,2025-10-18
U0311,2025-09-29,2025-09-29
U0311,2025-09-29,2025-10-07
U0311,2025-09-29,2025-10-18
U0312,2025-09-29,2025-09-29
U0312,2025-09-29,2025-10-10
U0312,2025-09-29,2025-10-16
U0313,2025-09-29,2025-09-29
U0313,2025-09-29,2025-10-07
U0313,2025-09-29,2025-10-16
U0313,2025-09-29,2025-11-14
U0314,2025-09-29,2025-09-29
U0314,2025-09-29,2025-10-09
U0314,2025-09-29,2025-10-17
U0315,2025-09-29,2025-09-29
U0315,2025-09-29,2025-10-12
U0316,2025-09-29,2025-09-29
U0317,2025-09-29,2025-09-29
U0317,2025-09-29,2025-10-10
U0318,2025-09-29,2025-09-29
U0318,2025-09-29,2025-10-06
U0318,2025-09-29,2025-10-23
U0319,2025-09-29,2025-09-29
U0319,2025-09-29,2025-10-11
U0319,2025-09-29,2025-10-17
U0319,2025-09-29,2025-10-20
U0320,2025-09-29,2025-09-29
U0320,2025-09-29,2025-10-06
U0320,2025-09-29,2025-10-18
U0320,2025-09-29,2025-10-22
U0321,2025-09-29,2025-09-29
U0322,2025-09-29,2025-09-29
U0322,2025-09-29,2025-10-10
U0322,2025-09-29,2025-10-15
U0322,2025-09-29,2025-10-23
U0323,2025-09-29,2025-09-29
U0324,2025-09-29,2025-09-29
U0325,2025-09-29,2025-09-29
U0325,2025-09-29,2025-10-09
U0325,2025-09-29,2025-10-13
U0326,2025-10-06,2025-10-06
U0326,2025-10-06,2025-10-19
U0327,2025-10-06,2025-10-06
U0328,2025-10-06,2025-10-06
U0329,2025-10-06,2025-10-06
U0329,2025-10-06,2025-10-17
U0330,2025-10-06,2025-10-06
U0331,2025-10-06,2025-10-06
U0331,2025-10-06,2025-10-13
U0331,2025-10-06,2025-10-24
U0331,2025-10-06,2025-10-31
U0331,2025-10-06,2025-11-09
U0332,2025-10-06,2025-10-06
U0333,2025-10-06,2025-10-06
U0333,2025-10-06,2025-10-17
U0334,2025-10-06,2025-10-06
U0334,2025-10-06,2025-10-15
U0335,2025-10-06,2025-10-06
U0335,2025-10-06,2025-10-14
U0336,2025-10-06,2025-10-06
U0336,2025-10-06,2025-10-18
U0336,2025-10-06,2025-10-22
U0337,2025-10-06,2025-10-06
U0337,2025-10-06,2025-10-13
U0337,2025-10-06,2025-10-26
U0337,2025-10-06,2025-10-28
U0338,2025-10-06,2025-10-06
U0338,2025-10-06,2025-10-13
U0339,2025-10-06,2025-10-06
U0339,2025-10-06,2025-10-15
U0340,2025-10-06,2025-10-06
U0341,2025-10-06,2025-10-06
U0341,2025-10-06,2025-10-15
U0341,2025-10-06,2025-10-23
U0341,2025-10-06,2025-10-29
U0342,2025-10-06,2025-10-06
U0342,2025-10-06,2025-10-17
U0342,2025-10-06,2025-10-23
U0343,2025-10-06,2025-10-06
U0343,2025-10-06,2025-10-19
U0343,2025-10-06,2025-10-26
U0344,2025-10-06,2025-10-06
U0345,2025-10-06,2025-10-06
U0345,2025-10-06,2025-10-16
U0346,2025-10-06,2025-10-06
U0346,2025-10-06,2025-10-14
U0347,2025-10-06,2025-10-06
U0348,2025-10-06,2025-10-06
U0348,2025-10-06,2025-10-13
U0349,2025-10-06,2025-10-06
U0349,2025-10-06,2025-10-18
U0349,2025-10-06,2025-10-26
U0350,2025-10-06,2025-10-06
U0350,2025-10-06,2025-10-18
U0350,2025-10-06,2025-10-23
U0351,2025-10-06,2025-10-06
U0352,2025-10-06,2025-10-06
U0352,2025-10-06,2025-10-19
U0353,2025-10-06,2025-10-06
U0354,2025-10-06,2025-10-06
U0354,2025-10-06,2025-10-17
U0354,2025-10-06,2025-10-25
U0355,2025-10-06,2025-10-06
U0355,2025-10-06,2025-10-13
U0356,2025-10-06,2025-10-06
U0356,2025-10-06,2025-10-14
U0357,2025-10-06,2025-10-06
U0357,2025-10-06,2025-10-15
U0357,2025-10-06,2025-10-20
U0357,2025-10-06,2025-11-01
U0358,2025-10-06,2025-10-06
U0358,2025-10-06,2025-10-16
U0358,2025-10-06,2025-10-20
U0358,2025-10-06,2025-11-02
U0358,2025-10-06,2025-11-03
U0359,2025-10-06,2025-10-06
U0359,2025-10-06,2025-10-14
U0359,2025-10-06,2025-10-23
U0359,2025-10-06,2025-10-28
U0359,2025-10-06,2025-11-08
U0360,2025-10-06,2025-10-06
U0360,2025-10-06,2025-10-16
U0360,2025-10-06,2025-10-25
U0361,2025-10-06,2025-10-06
U0361,2025-10-06,2025-10-15
U0361,2025-10-06,2025-10-20
U0362,2025-10-06,2025-10-06
U0362,2025-10-06,2025-10-17
U0362,2025-10-06,2025-10-23
U0363,2025-10-06,2025-10-06
U0363,2025-10-06,2025-10-13
U0364,2025-10-06,2025-10-06
U0364,2025-10-06,2025-10-14
U0364,2025-10-06,2025-10-23
U0365,2025-10-06,2025-10-06
U0365,2025-10-06,2025-10-18
U0365,2025-10-06,2025-10-22
U0365,2025-10-06,2025-10-29
U0366,2025-10-06,2025-10-06
U0366,2025-10-06,2025-10-14
U0366,2025-10-06,2025-10-23
U0367,2025-10-06,2025-10-06
U0367,2025-10-06,2025-10-17
U0367,2025-10-06,2025-10-26
U0367,2025-10-06,2025-10-29
U0367,2025-10-06,2025-11-06
U0368,2025-10-06,2025-10-06
U0368,2025-10-06,2025-10-15
U0368,2025-10-06,2025-10-26
U0369,2025-10-06,2025-10-06
U0369,2025-10-06,2025-10-18
U0370,2025-10-06,2025-10-06
U0370,2025-10-06,2025-10-15
U0371,2025-10-06,2025-10-06
U0372,2025-10-06,2025-10-06
U0373,2025-10-06,2025-10-06
U0373,2025-10-06,2025-10-17
U0373,2025-10-06,2025-10-21
U0374,2025-10-06,2025-10-06
U0374,2025-10-06,2025-10-14
U0374,2025-10-06,2025-10-22
U0375,2025-10-06,2025-10-06
U0375,2025-10-06,2025-10-19
U0376,2025-10-06,2025-10-06
U0376,2025-10-06,2025-10-19
U0376,2025-10-06,2025-10-21
U0377,2025-10-06,2025-10-06
U0377,2025-10-06,2025-10-17
U0377,2025-10-06,2025-10-20
U0378,2025-10-06,2025-10-06
U0378,2025-10-06,2025-10-15
U0378,2025-10-06,2025-10-23
U0379,2025-10-06,2025-10-06
U0379,2025-10-06,2025-10-16
U0380,2025-10-06,2025-10-06
U0380,2025-10-06,2025-10-16
U0380,2025-10-06,2025-10-22
U0380,2025-10-06,2025-10-31
U0381,2025-10-06,2025-10-06
U0381,2025-10-06,2025-10-13
U0381,2025-10-06,2025-10-20
U0382,2025-10-06,2025-10-06
U0382,2025-10-06,2025-10-18
U0383,2025-10-06,2025-10-06
U0384,2025-10-06,2025-10-06
U0384,2025-10-06,2025-10-13
U0384,2025-10-06,2025-10-23
U0385,2025-10-06,2025-10-06
U0385,2025-10-06,2025-10-13
U0385,2025-10-06,2025-10-23
U0385,2025-10-06,2025-10-30
U0385,2025-10-06,2025-11-08
U0386,2025-10-06,2025-10-06
U0386,2025-10-06,2025-10-14
U0386,2025-10-06,2025-10-22
U0386,2025-10-06,2025-10-29
U0387,2025-10-06,2025-10-06
U0388,2025-10-06,2025-10-06
U0388,2025-10-06,2025-10-16
U0388,2025-10-06,2025-10-21
U0388,2025-10-06,2025-11-01
U0389,2025-10-06,2025-10-06
U0389,2025-10-06,2025-10-18
U0389,2025-10-06,2025-10-23
U0389,2025-10-06,2025-10-27
U0389,2025-10-06,2025-11-07
U0390,2025-10-06,2025-10-06
U0391,2025-10-06,2025-10-06
U0391,2025-10-06,2025-10-18
U0391,2025-10-06,2025-10-25
U0392,2025-10-06,2025-10-06
U0392,2025-10-06,2025-10-16
U0392,2025-10-06,2025-11-05
U0393,2025-10-06,2025-10-06
U0393,2025-10-06,2025-10-19
U0393,2025-10-06,2025-10-21
U0394,2025-10-13,2025-10-13
U0394,2025-10-13,2025-10-22
U0394,2025-10-13,2025-10-27
U0394,2025-10-13,2025-11-08
U0395,2025-10-13,2025-10-13
U0395,2025-10-13,2025-10-24
U0395,2025-10-13,2025-10-27
U0395,2025-10-13,2025-11-09
U0395,2025-10-13,2025-11-12
U0396,2025-10-13,2025-10-13
U0396,2025-10-13,2025-10-25
U0396,2025-10-13,2025-10-28
U0396,2025-10-13,2025-11-06
U0396,2025-10-13,2025-11-15
U0397,2025-10-13,2025-10-13
U0397,2025-10-13,2025-10-21
U0397,2025-10-13,2025-10-29
U0398,2025-10-13,2025-10-13
U0398,2025-10-13,2025-10-26
U0398,2025-10-13,2025-10-27
U0398,2025-10-13,2025-11-06
U0399,2025-10-13,2025-10-13
U0399,2025-10-13,2025-10-23
U0400,2025-10-13,2025-10-13
U0400,2025-10-13,2025-10-26
U0401,2025-10-13,2025-10-13
U0401,2025-10-13,2025-10-20
U0401,2025-10-13,2025-10-29
U0401,2025-10-13,2025-11-04
U0401,2025-10-13,2025-11-16
U0402,2025-10-13,2025-10-13
U0402,2025-10-13,2025-10-25
U0402,2025-10-13,2025-11-02
U0402,2025-10-13,2025-11-03
U0402,2025-10-13,2025-11-16
U0403,2025-10-13,2025-10-13
U0404,2025-10-13,2025-10-13
U0404,2025-10-13,2025-10-22
U0404,2025-10-13,2025-10-31
U0404,2025-10-13,2025-11-05
U0405,2025-10-13,2025-10-13
U0406,2025-10-13,2025-10-13
U0406,2025-10-13,2025-10-20
U0406,2025-10-13,2025-11-01
U0407,2025-10-13,2025-10-13
U0407,2025-10-13,2025-10-26
U0408,2025-10-13,2025-10-13
U0408,2025-10-13,2025-10-20
U0409,2025-10-13,2025-10-13
U0409,2025-10-13,2025-10-26
U0409,2025-10-13,2025-11-01
U0410,2025-10-13,2025-10-13
U0410,2025-10-13,2025-10-25
U0410,2025-10-13,2025-10-30
U0411,2025-10-13,2025-10-13
U0412,2025-10-13,2025-10-13
U0412,2025-10-13,2025-10-22
U0412,2025-10-13,2025-10-28
U0412,2025-10-13,2025-11-09
U0412,2025-10-13,2025-11-13
U0413,2025-10-13,2025-10-13
U0413,2025-10-13,2025-10-23
U0413,2025-10-13,2025-10-27
U0413,2025-10-13,2025-11-08
U0413,2025-10-13,2025-11-25
U0414,2025-10-13,2025-10-13
U0414,2025-10-13,2025-10-24
U0414,2025-10-13,2025-10-29
U0414,2025-10-13,2025-11-06
U0415,2025-10-13,2025-10-13
U0415,2025-10-13,2025-10-26
U0415,2025-10-13,2025-10-27
U0415,2025-10-13,2025-11-04
U0416,2025-10-13,2025-10-13
U0416,2025-10-13,2025-10-22
U0417,2025-10-13,2025-10-13
U0417,2025-10-13,2025-10-26
U0417,2025-10-13,2025-11-02
U0417,2025-10-13,2025-11-06
U0417,2025-10-13,2025-11-14
U0418,2025-10-13,2025-10-13
U0418,2025-10-13,2025-10-22
U0418,2025-10-13,2025-10-28
U0418,2025-10-13,2025-11-07
U0419,2025-10-13,2025-10-13
U0419,2025-10-13,2025-10-20
U0419,2025-10-13,2025-11-02
U0420,2025-10-13,2025-10-13
U0421,2025-10-13,2025-10-13
U0421,2025-10-13,2025-10-24
U0421,2025-10-13,2025-10-29
U0422,2025-10-13,2025-10-13
U0423,2025-10-13,2025-10-13
U0423,2025-10-13,2025-10-23
U0424,2025-10-13,2025-10-13
U0424,2025-10-13,2025-10-25
U0425,2025-10-13,2025-10-13
U0425,2025-10-13,2025-10-21
U0426,2025-10-13,2025-10-13
U0427,2025-10-13,2025-10-13
U0427,2025-10-13,2025-10-22
U0427,2025-10-13,2025-11-19
U0428,2025-10-13,2025-10-13
U0428,2025-10-13,2025-10-21
U0429,2025-10-13,2025-10-13
U0429,2025-10-13,2025-10-20
U0429,2025-10-13,2025-10-28
U0430,2025-10-13,2025-10-13
U0430,2025-10-13,2025-10-26
U0431,2025-10-13,2025-10-13
U0431,2025-10-13,2025-10-20
U0431,2025-10-13,2025-10-27
U0432,2025-10-13,2025-10-13
U0433,2025-10-13,2025-10-13
U0433,2025-10-13,2025-10-22
U0434,2025-10-13,2025-10-13
U0434,2025-10-13,2025-10-23
U0435,2025-10-13,2025-10-13
U0436,2025-10-13,2025-10-13
U0436,2025-10-13,2025-10-22
U0437,2025-10-13,2025-10-13
U0437,2025-10-13,2025-10-24
U0437,2025-10-13,2025-11-02
U0438,2025-10-13,2025-10-13
U0439,2025-10-13,2025-10-13
U0439,2025-10-13,2025-10-25
U0439,2025-10-13,2025-10-29
U0440,2025-10-13,2025-10-13
U0440,2025-10-13,2025-10-25
U0440,2025-10-13,2025-10-28
U0440,2025-10-13,2025-11-03
U0440,2025-10-13,2025-11-29
U0441,2025-10-13,2025-10-13
U0441,2025-10-13,2025-10-21
U0441,2025-10-13,2025-10-31
U0441,2025-10-13,2025-11-09
U0442,2025-10-13,2025-10-13
U0442,2025-10-13,2025-10-20
U0442,2025-10-13,2025-10-29
U0443,2025-10-13,2025-10-13
U0443,2025-10-13,2025-10-24
U0444,2025-10-13,2025-10-13
U0445,2025-10-13,2025-10-13
U0445,2025-10-13,2025-10-25
U0445,2025-10-13,2025-10-27
U0445,2025-10-13,2025-11-04
U0446,2025-10-13,2025-10-13
U0446,2025-10-13,2025-10-22
U0446,2025-10-13,2025-11-02
U0447,2025-10-13,2025-10-13
U0448,2025-10-13,2025-10-13
U0448,2025-10-13,2025-10-20
U0448,2025-10-13,2025-10-27
U0449,2025-10-13,2025-10-13
U0450,2025-10-13,2025-10-13
U0450,2025-10-13,2025-10-23
U0450,2025-10-13,2025-10-30
U0450,2025-10-13,2025-11-06
U0450,2025-10-13,2025-11-10
U0450,2025-10-13,2025-11-22
U0451,2025-10-13,2025-10-13
U0452,2025-10-13,2025-10-13
U0453,2025-10-13,2025-10-13
U0453,2025-10-13,2025-10-26
U0453,2025-10-13,2025-10-29
U0453,2025-10-13,2025-11-09
U0454,2025-10-13,2025-10-13
U0455,2025-10-13,2025-10-13
U0455,2025-10-13,2025-10-21
U0456,2025-10-13,2025-10-13
U0457,2025-10-13,2025-10-13
U0458,2025-10-13,2025-10-13
U0459,2025-10-13,2025-10-13
U0459,2025-10-13,2025-10-23
U0460,2025-10-13,2025-10-13
U0460,2025-10-13,2025-11-14
U0461,2025-10-13,2025-10-13
U0461,2025-10-13,2025-10-21
U0461,2025-10-13,2025-10-31
U0461,2025-10-13,2025-11-03
U0462,2025-10-13,2025-10-13
U0462,2025-10-13,2025-10-23
U0462,2025-10-13,2025-11-01
U0462,2025-10-13,2025-11-05
U0463,2025-10-13,2025-10-13
U0463,2025-10-13,2025-10-22
U0463,2025-10-13,2025-11-12
U0464,2025-10-13,2025-10-13
U0465,2025-10-13,2025-10-13
U0465,2025-10-13,2025-10-23
U0466,2025-10-20,2025-10-20
U0466,2025-10-20,2025-11-01
U0466,2025-10-20,2025-11-06
U0467,2025-10-20,2025-10-20
U0467,2025-10-20,2025-10-30
U0468,2025-10-20,2025-10-20
U0468,2025-10-20,2025-10-29
U0469,2025-10-20,2025-10-20
U0469,2025-10-20,2025-10-28
U0469,2025-10-20,2025-11-09
U0469,2025-10-20,2025-11-10
U0470,2025-10-20,2025-10-20
U0470,2025-10-20,2025-11-01
U0471,2025-10-20,2025-10-20
U0471,2025-10-20,2025-11-02
U0471,2025-10-20,2025-11-07
U0472,2025-10-20,2025-10-20
U0472,2025-10-20,2025-10-29
U0473,2025-10-20,2025-10-20
U0473,2025-10-20,2025-10-28
U0473,2025-10-20,2025-11-06
U0474,2025-10-20,2025-10-20
U0474,2025-10-20,2025-10-28
U0475,2025-10-20,2025-10-20
U0475,2025-10-20,2025-10-29
U0476,2025-10-20,2025-10-20
U0477,2025-10-20,2025-10-20
U0477,2025-10-20,2025-10-29
U0477,2025-10-20,2025-11-03
U0477,2025-10-20,2025-11-15
U0478,2025-10-20,2025-10-20
U0478,2025-10-20,2025-11-01
U0479,2025-10-20,2025-10-20
U0480,2025-10-20,2025-10-20
U0480,2025-10-20,2025-10-28
U0481,2025-10-20,2025-10-20
U0481,2025-10-20,2025-10-30
U0482,2025-10-20,2025-10-20
U0483,2025-10-20,2025-10-20
U0483,2025-10-20,2025-10-30
U0484,2025-10-20,2025-10-20
U0484,2025-10-20,2025-11-01
U0485,2025-10-20,2025-10-20
U0485,2025-10-20,2025-10-31
U0486,2025-10-20,2025-10-20
U0486,2025-10-20,2025-10-30
U0487,2025-10-20,2025-10-20
U0487,2025-10-20,2025-11-01
U0487,2025-10-20,2025-11-04
U0488,2025-10-20,2025-10-20
U0488,2025-10-20,2025-10-29
U0488,2025-10-20,2025-11-03
U0489,2025-10-20,2025-10-20
U0489,2025-10-20,2025-10-28
U0489,2025-10-20,2025-11-05
U0489,2025-10-20,2025-11-16
U0489,2025-10-20,2025-11-20
U0490,2025-10-20,2025-10-20
U0491,2025-10-20,2025-10-20
U0491,2025-10-20,2025-10-29
U0491,2025-10-20,2025-11-18
U0492,2025-10-20,2025-10-20
U0493,2025-10-20,2025-10-20
U0493,2025-10-20,2025-10-27
U0493,2025-10-20,2025-11-06
U0494,2025-10-20,2025-10-20
U0494,2025-10-20,2025-10-28
U0495,2025-10-20,2025-10-20
U0495,2025-10-20,2025-10-27
U0495,2025-10-20,2025-11-08
U0496,2025-10-20,2025-10-20
U0496,2025-10-20,2025-10-27
U0497,2025-10-20,2025-10-20
U0497,2025-10-20,2025-10-29
U0497,2025-10-20,2025-11-08
U0498,2025-10-20,2025-10-20
U0498,2025-10-20,2025-11-02
U0499,2025-10-20,2025-10-20
U0499,2025-10-20,2025-10-31
U0500,2025-10-20,2025-10-20
U0500,2025-10-20,2025-11-01
U0500,2025-10-20,2025-11-03
U0501,2025-10-20,2025-10-20
U0501,2025-10-20,2025-10-30
U0501,2025-10-20,2025-11-05
U0502,2025-10-20,2025-10-20
U0502,2025-10-20,2025-11-01
U0502,2025-10-20,2025-11-08
U0502,2025-10-20,2025-11-16
U0503,2025-10-20,2025-10-20
U0504,2025-10-20,2025-10-20
U0505,2025-10-20,2025-10-20
U0505,2025-10-20,2025-10-30
U0505,2025-10-20,2025-11-04
U0506,2025-10-20,2025-10-20
U0506,2025-10-20,2025-10-27
U0507,2025-10-20,2025-10-20
U0507,2025-10-20,2025-11-01
U0508,2025-10-20,2025-10-20
U0509,2025-10-20,2025-10-20
U0509,2025-10-20,2025-11-02
U0509,2025-10-20,2025-11-09
U0510,2025-10-20,2025-10-20
U0510,2025-10-20,2025-11-08
U0511,2025-10-20,2025-10-20
U0511,2025-10-20,2025-10-29
U0512,2025-10-20,2025-10-20
U0512,2025-10-20,2025-11-02
U0512,2025-10-20,2025-11-06
U0512,2025-10-20,2025-11-13
U0513,2025-10-20,2025-10-20
U0513,2025-10-20,2025-10-28
U0514,2025-10-20,2025-10-20
U0514,2025-10-20,2025-10-31
U0514,2025-10-20,2025-11-07
U0514,2025-10-20,2025-11-12
U0515,2025-10-20,2025-10-20
U0516,2025-10-20,2025-10-20
U0516,2025-10-20,2025-10-27
U0516,2025-10-20,2025-11-05
U0516,2025-10-20,2025-11-15
U0517,2025-10-20,2025-10-20
U0517,2025-10-20,2025-10-31
U0518,2025-10-20,2025-10-20
U0518,2025-10-20,2025-11-01
U0519,2025-10-20,2025-10-20
U0520,2025-10-20,2025-10-20
U0520,2025-10-20,2025-10-28
U0521,2025-10-20,2025-10-20
U0521,2025-10-20,2025-10-29
U0521,2025-10-20,2025-11-04
U0521,2025-10-20,2025-11-13
U0522,2025-10-20,2025-10-20
U0522,2025-10-20,2025-11-02
U0523,2025-10-20,2025-10-20
U0523,2025-10-20,2025-10-30
U0523,2025-10-20,2025-11-03
U0524,2025-10-27,2025-10-27
U0525,2025-10-27,2025-10-27
U0525,2025-10-27,2025-11-05
U0525,2025-10-27,2025-11-13
U0525,2025-10-27,2025-11-23
U0526,2025-10-27,2025-10-27
U0526,2025-10-27,2025-11-09
U0526,2025-10-27,2025-11-15
U0527,2025-10-27,2025-10-27
U0527,2025-10-27,2025-11-04
U0528,2025-10-27,2025-10-27
U0528,2025-10-27,2025-11-04
U0528,2025-10-27,2025-11-16
U0529,2025-10-27,2025-10-27
U0529,2025-10-27,2025-11-06
U0530,2025-10-27,2025-10-27
U0531,2025-10-27,2025-10-27
U0531,2025-10-27,2025-11-24
U0532,2025-10-27,2025-10-27
U0532,2025-10-27,2025-11-06
U0532,2025-10-27,2025-11-11
U0533,2025-10-27,2025-10-27
U0533,2025-10-27,2025-11-07
U0534,2025-10-27,2025-10-27
U0535,2025-10-27,2025-10-27
U0535,2025-10-27,2025-11-05
U0535,2025-10-27,2025-11-13
U0536,2025-10-27,2025-10-27
U0537,2025-10-27,2025-10-27
U0538,2025-10-27,2025-10-27
U0539,2025-10-27,2025-10-27
U0540,2025-10-27,2025-10-27
U0540,2025-10-27,2025-11-07
U0541,2025-10-27,2025-10-27
U0541,2025-10-27,2025-11-07
U0542,2025-10-27,2025-10-27
U0542,2025-10-27,2025-11-09
U0542,2025-10-27,2025-11-17
U0543,2025-10-27,2025-10-27
U0543,2025-10-27,2025-11-05
U0544,2025-10-27,2025-10-27
U0545,2025-10-27,2025-10-27
U0545,2025-10-27,2025-11-09
U0546,2025-10-27,2025-10-27
U0547,2025-10-27,2025-10-27
U0547,2025-10-27,2025-11-07
U0548,2025-10-27,2025-10-27
U0549,2025-10-27,2025-10-27
U0550,2025-10-27,2025-10-27
U0550,2025-10-27,2025-11-05
U0550,2025-10-27,2025-11-16
U0551,2025-10-27,2025-10-27
U0552,2025-10-27,2025-10-27
U0552,2025-10-27,2025-11-09
U0553,2025-10-27,2025-10-27
U0553,2025-10-27,2025-11-04
U0554,2025-10-27,2025-10-27
U0554,2025-10-27,2025-11-04
U0555,2025-10-27,2025-10-27
U0555,2025-10-27,2025-11-04
U0556,2025-10-27,2025-10-27
U0557,2025-10-27,2025-10-27
U0558,2025-10-27,2025-10-27
U0558,2025-10-27,2025-11-04
U0558,2025-10-27,2025-11-16
U0559,2025-10-27,2025-10-27
U0559,2025-10-27,2025-11-04
U0559,2025-10-27,2025-11-16
U0560,2025-10-27,2025-10-27
U0561,2025-10-27,2025-10-27
U0561,2025-10-27,2025-11-04
U0562,2025-10-27,2025-10-27
U0563,2025-10-27,2025-10-27
U0563,2025-10-27,2025-11-07
U0563,2025-10-27,2025-12-07
U0564,2025-10-27,2025-10-27
U0564,2025-10-27,2025-11-06
U0564,2025-10-27,2025-11-15
U0565,2025-10-27,2025-10-27
U0566,2025-10-27,2025-10-27
U0566,2025-10-27,2025-11-09
U0566,2025-10-27,2025-11-15
U0567,2025-10-27,2025-10-27
U0568,2025-10-27,2025-10-27
U0569,2025-10-27,2025-10-27
U0569,2025-10-27,2025-11-05
U0569,2025-10-27,2025-11-12
U0570,2025-10-27,2025-10-27
U0570,2025-10-27,2025-11-08
U0570,2025-10-27,2025-11-12
U0571,2025-10-27,2025-10-27
U0571,2025-10-27,2025-11-09
U0572,2025-10-27,2025-10-27
U0572,2025-10-27,2025-11-05
U0572,2025-10-27,2025-11-16
U0573,2025-10-27,2025-10-27
U0573,2025-10-27,2025-11-04
U0573,2025-10-27,2025-11-13
U0573,2025-10-27,2025-11-22
U0573,2025-10-27,2025-11-29
U0574,2025-10-27,2025-10-27
U0574,2025-10-27,2025-11-25
U0575,2025-10-27,2025-10-27
U0575,2025-10-27,2025-11-07
U0576,2025-10-27,2025-10-27
U0577,2025-10-27,2025-10-27
U0578,2025-10-27,2025-10-27
U0578,2025-10-27,2025-11-05
U0578,2025-10-27,2025-11-11
U0578,2025-10-27,2025-11-23
U0579,2025-10-27,2025-10-27
U0579,2025-10-27,2025-11-03
U0579,2025-10-27,2025-11-11
U0579,2025-10-27,2025-11-18
U0580,2025-10-27,2025-10-27
U0580,2025-10-27,2025-11-06
U0580,2025-10-27,2025-11-14
U0580,2025-10-27,2025-11-21
U0581,2025-10-27,2025-10-27
U0581,2025-10-27,2025-11-04
U0582,2025-10-27,2025-10-27
U0583,2025-10-27,2025-10-27
U0583,2025-10-27,2025-11-06
U0584,2025-10-27,2025-10-27
U0584,2025-10-27,2025-11-09
U0585,2025-10-27,2025-10-27
U0585,2025-10-27,2025-11-08
U0585,2025-10-27,2025-11-14
U0586,2025-10-27,2025-10-27
U0586,2025-10-27,2025-11-03
U0587,2025-10-27,2025-10-27
U0588,2025-10-27,2025-10-27
U0588,2025-10-27,2025-11-09
U0588,2025-10-27,2025-11-14
U0589,2025-10-27,2025-10-27
U0590,2025-10-27,2025-10-27
U0590,2025-10-27,2025-11-04
U0590,2025-10-27,2025-11-14
U0591,2025-10-27,2025-10-27
U0591,2025-10-27,2025-11-05
U0591,2025-10-27,2025-11-16
U0591,2025-10-27,2025-11-17
U0592,2025-10-27,2025-10-27
U0593,2025-10-27,2025-10-27
U0593,2025-10-27,2025-11-08
U0594,2025-10-27,2025-10-27
U0595,2025-10-27,2025-10-27
U0596,2025-10-27,2025-10-27
U0597,2025-10-27,2025-10-27
U0598,2025-10-27,2025-10-27
U0598,2025-10-27,2025-11-09
U0598,2025-10-27,2025-11-20
U0599,2025-10-27,2025-10-27
U0599,2025-10-27,2025-11-03
U0599,2025-10-27,2025-11-11
U0599,2025-10-27,2025-11-22
U0600,2025-10-27,2025-10-27
U0600,2025-10-27,2025-11-08
U0600,2025-10-27,2025-11-16
U0600,2025-10-27,2025-11-18
U0600,2025-10-27,2025-11-29
U0601,2025-10-27,2025-10-27
U0602,2025-10-27,2025-10-27
U0602,2025-10-27,2025-11-07
U0603,2025-10-27,2025-10-27
U0604,2025-11-03,2025-11-03
U0604,2025-11-03,2025-11-11
U0605,2025-11-03,2025-11-03
U0605,2025-11-03,2025-11-15
U0606,2025-11-03,2025-11-03
U0606,2025-11-03,2025-11-10
U0606,2025-11-03,2025-11-20
U0607,2025-11-03,2025-11-03
U0608,2025-11-03,2025-11-03
U0609,2025-11-03,2025-11-03
U0610,2025-11-03,2025-11-03
U0610,2025-11-03,2025-11-14
U0610,2025-11-03,2025-12-13
U0611,2025-11-03,2025-11-03
U0612,2025-11-03,2025-11-03
U0612,2025-11-03,2025-11-16
U0612,2025-11-03,2025-11-23
U0613,2025-11-03,2025-11-03
U0613,2025-11-03,2025-11-13
U0614,2025-11-03,2025-11-03
U0614,2025-11-03,2025-11-12
U0614,2025-11-03,2025-11-22
U0615,2025-11-03,2025-11-03
U0615,2025-11-03,2025-11-11
U0615,2025-11-03,2025-11-18
U0616,2025-11-03,2025-11-03
U0616,2025-11-03,2025-11-14
U0616,2025-11-03,2025-11-22
U0617,2025-11-03,2025-11-03
U0617,2025-11-03,2025-11-14
U0617,2025-11-03,2025-11-19
U0618,2025-11-03,2025-11-03
U0618,2025-11-03,2025-11-11
U0618,2025-11-03,2025-11-22
U0619,2025-11-03,2025-11-03
U0620,2025-11-03,2025-11-03
U0620,2025-11-03,2025-11-15
U0620,2025-11-03,2025-11-17
U0621,2025-11-03,2025-11-03
U0621,2025-11-03,2025-11-12
U0621,2025-11-03,2025-11-20
U0622,2025-11-03,2025-11-03
U0623,2025-11-03,2025-11-03
U0624,2025-11-03,2025-11-03
U0625,2025-11-03,2025-11-03
U0625,2025-11-03,2025-11-14
U0626,2025-11-03,2025-11-03
U0626,2025-11-03,2025-11-15
U0627,2025-11-03,2025-11-03
U0627,2025-11-03,2025-11-13
U0627,2025-11-03,2025-11-22
U0627,2025-11-03,2025-11-24
U0628,2025-11-03,2025-11-03
U0628,2025-11-03,2025-11-16
U0628,2025-11-03,2025-11-20
U0629,2025-11-03,2025-11-03
U0629,2025-11-03,2025-11-12
U0629,2025-11-03,2025-11-17
U0630,2025-11-03,2025-11-03
U0631,2025-11-03,2025-11-03
U0631,2025-11-03,2025-11-16
U0631,2025-11-03,2025-11-23
U0631,2025-11-03,2025-12-03
U0632,2025-11-03,2025-11-03
U0632,2025-11-03,2025-11-15
U0633,2025-11-03,2025-11-03
U0633,2025-11-03,2025-11-12
U0634,2025-11-03,2025-11-03
U0634,2025-11-03,2025-11-15
U0635,2025-11-03,2025-11-03
U0635,2025-11-03,2025-11-11
U0636,2025-11-03,2025-11-03
U0637,2025-11-03,2025-11-03
U0638,2025-11-03,2025-11-03
U0638,2025-11-03,2025-11-11
U0639,2025-11-03,2025-11-03
U0639,2025-11-03,2025-11-15
U0640,2025-11-03,2025-11-03
U0641,2025-11-03,2025-11-03
U0642,2025-11-03,2025-11-03
U0642,2025-11-03,2025-11-11
U0642,2025-11-03,2025-11-18
U0643,2025-11-03,2025-11-03
U0643,2025-11-03,2025-11-27
U0644,2025-11-03,2025-11-03
U0645,2025-11-03,2025-11-03
U0645,2025-11-03,2025-11-12
U0645,2025-11-03,2025-11-27
U0646,2025-11-03,2025-11-03
U0647,2025-11-03,2025-11-03
U0647,2025-11-03,2025-11-11
U0647,2025-11-03,2025-11-18
U0647,2025-11-03,2025-11-25
U0648,2025-11-03,2025-11-03
U0648,2025-11-03,2025-11-14
U0648,2025-11-03,2025-11-17
U0649,2025-11-03,2025-11-03
U0649,2025-11-03,2025-11-16
U0650,2025-11-03,2025-11-03
U0650,2025-11-03,2025-11-16
U0651,2025-11-03,2025-11-03
U0651,2025-11-03,2025-11-16
U0651,2025-11-03,2025-11-20
U0651,2025-11-03,2025-11-26
U0652,2025-11-03,2025-11-03
U0652,2025-11-03,2025-11-14
U0653,2025-11-03,2025-11-03
U0653,2025-11-03,2025-11-15
U0654,2025-11-03,2025-11-03
U0654,2025-11-03,2025-11-16
U0654,2025-11-03,2025-11-19
U0655,2025-11-03,2025-11-03
U0655,2025-11-03,2025-11-12
U0656,2025-11-03,2025-11-03
U0657,2025-11-03,2025-11-03
U0658,2025-11-03,2025-11-03
U0658,2025-11-03,2025-11-12
U0658,2025-11-03,2025-11-22
U0658,2025-11-03,2025-11-27
U0659,2025-11-03,2025-11-03
U0659,2025-11-03,2025-11-11
U0660,2025-11-03,2025-11-03
U0661,2025-11-03,2025-11-03
U0661,2025-11-03,2025-11-10
U0662,2025-11-03,2025-11-03
U0662,2025-11-03,2025-11-10
U0662,2025-11-03,2025-11-21
U0663,2025-11-03,2025-11-03
U0663,2025-11-03,2025-11-12
U0664,2025-11-03,2025-11-03
U0664,2025-11-03,2025-11-12
U0664,2025-11-03,2025-11-23
U0665,2025-11-03,2025-11-03
U0666,2025-11-10,2025-11-10
U0666,2025-11-10,2025-11-22
U0666,2025-11-10,2025-11-29
U0667,2025-11-10,2025-11-10
U0668,2025-11-10,2025-11-10
U0668,2025-11-10,2025-11-19
U0668,2025-11-10,2025-11-30
U0669,2025-11-10,2025-11-10
U0670,2025-11-10,2025-11-10
U0670,2025-11-10,2025-11-17
U0671,2025-11-10,2025-11-10
U0672,2025-11-10,2025-11-10
U0672,2025-11-10,2025-11-22
U0673,2025-11-10,2025-11-10
U0673,2025-11-10,2025-11-18
U0673,2025-11-10,2025-11-30
U0674,2025-11-10,2025-11-10
U0675,2025-11-10,2025-11-10
U0675,2025-11-10,2025-11-19
U0675,2025-11-10,2025-11-27
U0676,2025-11-10,2025-11-10
U0676,2025-11-10,2025-11-17
U0677,2025-11-10,2025-11-10
U0677,2025-11-10,2025-11-20
U0677,2025-11-10,2025-11-27
U0677,2025-11-10,2025-12-04
U0678,2025-11-10,2025-11-10
U0678,2025-11-10,2025-11-19
U0678,2025-11-10,2025-11-26
U0679,2025-11-10,2025-11-10
U0680,2025-11-10,2025-11-10
U0681,2025-11-10,2025-11-10
U0682,2025-11-10,2025-11-10
U0682,2025-11-10,2025-12-06
U0683,2025-11-10,2025-11-10
U0684,2025-11-10,2025-11-10
U0685,2025-11-10,2025-11-10
U0685,2025-11-10,2025-11-21
U0685,2025-11-10,2025-11-26
U0686,2025-11-10,2025-11-10
U0686,2025-11-10,2025-11-17
U0686,2025-11-10,2025-11-30
U0686,2025-11-10,2025-12-01
U0687,2025-11-10,2025-11-10
U0687,2025-11-10,2025-11-22
U0687,2025-11-10,2025-11-25
U0688,2025-11-10,2025-11-10
U0689,2025-11-10,2025-11-10
U0689,2025-11-10,2025-11-18
U0689,2025-11-10,2025-11-25
U0690,2025-11-10,2025-11-10
U0691,2025-11-10,2025-11-10
U0691,2025-11-10,2025-11-20
U0692,2025-11-10,2025-11-10
U0692,2025-11-10,2025-11-19
U0693,2025-11-10,2025-11-10
U0693,2025-11-10,2025-11-20
U0694,2025-11-10,2025-11-10
U0694,2025-11-10,2025-11-18
U0695,2025-11-10,2025-11-10
U0696,2025-11-10,2025-11-10
U0696,2025-11-10,2025-11-19
U0697,2025-11-10,2025-11-10
U0697,2025-11-10,2025-11-20
U0697,2025-11-10,2025-11-29
U0698,2025-11-10,2025-11-10
U0698,2025-11-10,2025-11-17
U0698,2025-11-10,2025-11-25
U0698,2025-11-10,2025-12-01
U0698,2025-11-10,2025-12-12
U0699,2025-11-10,2025-11-10
U0699,2025-11-10,2025-11-28
U0700,2025-11-10,2025-11-10
U0700,2025-11-10,2025-11-29
U0701,2025-11-10,2025-11-10
U0701,2025-11-10,2025-11-23
U0702,2025-11-10,2025-11-10
U0703,2025-11-10,2025-11-10
U0703,2025-11-10,2025-11-21
U0703,2025-11-10,2025-11-26
U0703,2025-11-10,2025-12-02
U0704,2025-11-10,2025-11-10
U0704,2025-11-10,2025-11-21
U0705,2025-11-10,2025-11-10
U0705,2025-11-10,2025-11-22
U0705,2025-11-10,2025-11-27
U0706,2025-11-10,2025-11-10
U0706,2025-11-10,2025-11-21
U0706,2025-11-10,2025-11-25
U0707,2025-11-10,2025-11-10
U0707,2025-11-10,2025-11-19
U0708,2025-11-10,2025-11-10
U0708,2025-11-10,2025-11-18
U0709,2025-11-10,2025-11-10
U0709,2025-11-10,2025-11-20
U0710,2025-11-10,2025-11-10
U0710,2025-11-10,2025-11-21
U0710,2025-11-10,2025-11-25
U0710,2025-11-10,2025-12-03
U0711,2025-11-10,2025-11-10
U0711,2025-11-10,2025-11-21
U0711,2025-11-10,2025-11-27
U0711,2025-11-10,2025-12-02
U0711,2025-11-10,2025-12-10
U0712,2025-11-10,2025-11-10
U0713,2025-11-10,2025-11-10
U0714,2025-11-10,2025-11-10
U0714,2025-11-10,2025-11-17
U0715,2025-11-10,2025-11-10
U0715,2025-11-10,2025-11-17
U0716,2025-11-17,2025-11-17
U0717,2025-11-17,2025-11-17
U0718,2025-11-17,2025-11-17
U0718,2025-11-17,2025-11-29
U0718,2025-11-17,2025-12-03
U0719,2025-11-17,2025-11-17
U0720,2025-11-17,2025-11-17
U0721,2025-11-17,2025-11-17
U0722,2025-11-17,2025-11-17
U0722,2025-11-17,2025-11-26
U0722,2025-11-17,2025-12-05
U0722,2025-11-17,2025-12-11
U0723,2025-11-17,2025-11-17
U0723,2025-11-17,2025-11-27
U0723,2025-11-17,2025-12-05
U0724,2025-11-17,2025-11-17
U0724,2025-11-17,2025-11-30
U0725,2025-11-17,2025-11-17
U0725,2025-11-17,2025-11-26
U0725,2025-11-17,2025-12-16
U0726,2025-11-17,2025-11-17
U0727,2025-11-17,2025-11-17
U0727,2025-11-17,2025-11-24
U0728,2025-11-17,2025-11-17
U0729,2025-11-17,2025-11-17
U0730,2025-11-17,2025-11-17
U0731,2025-11-17,2025-11-17
U0731,2025-11-17,2025-11-30
U0731,2025-11-17,2025-12-02
U0732,2025-11-17,2025-11-17
U0732,2025-11-17,2025-11-28
U0733,2025-11-17,2025-11-17
U0733,2025-11-17,2025-11-29
U0734,2025-11-17,2025-11-17
U0734,2025-11-17,2025-11-26
U0734,2025-11-17,2025-12-06
U0735,2025-11-17,2025-11-17
U0736,2025-11-17,2025-11-17
U0737,2025-11-17,2025-11-17
U0738,2025-11-17,2025-11-17
U0738,2025-11-17,2025-11-28
U0739,2025-11-17,2025-11-17
U0739,2025-11-17,2025-12-05
U0740,2025-11-17,2025-11-17
U0740,2025-11-17,2025-11-27
U0740,2025-11-17,2025-12-03
U0740,2025-11-17,2025-12-10
U0741,2025-11-17,2025-11-17
U0741,2025-11-17,2025-11-27
U0741,2025-11-17,2025-12-05
U0742,2025-11-17,2025-11-17
U0742,2025-11-17,2025-11-29
U0742,2025-11-17,2025-12-06
U0742,2025-11-17,2025-12-09
U0743,2025-11-17,2025-11-17
U0743,2025-11-17,2025-11-25
U0743,2025-11-17,2025-12-02
U0743,2025-11-17,2025-12-09
U0744,2025-11-17,2025-11-17
U0745,2025-11-17,2025-11-17
U0745,2025-11-17,2025-11-28
U0745,2025-11-17,2025-12-06
U0745,2025-11-17,2025-12-10
U0745,2025-11-17,2025-12-17
U0746,2025-11-17,2025-11-17
U0747,2025-11-17,2025-11-17
U0748,2025-11-17,2025-11-17
U0748,2025-11-17,2025-11-30
U0749,2025-11-17,2025-11-17
U0749,2025-11-17,2025-11-25
U0750,2025-11-17,2025-11-17
U0750,2025-11-17,2025-11-28
U0751,2025-11-17,2025-11-17
U0751,2025-11-17,2025-11-25
U0751,2025-11-17,2025-12-01
U0752,2025-11-17,2025-11-17
U0752,2025-11-17,2025-11-29
U0752,2025-11-17,2025-12-04
U0753,2025-11-17,2025-11-17
U0753,2025-11-17,2025-11-27
U0754,2025-11-17,2025-11-17
U0754,2025-11-17,2025-11-29
U0755,2025-11-17,2025-11-17
U0755,2025-11-17,2025-11-24
U0756,2025-11-17,2025-11-17
U0756,2025-11-17,2025-11-27
U0756,2025-11-17,2025-12-19
U0757,2025-11-17,2025-11-17
U0757,2025-11-17,2025-11-27
U0758,2025-11-17,2025-11-17
U0758,2025-11-17,2025-11-28
U0759,2025-11-17,2025-11-17
U0759,2025-11-17,2025-11-24
U0760,2025-11-17,2025-11-17
U0760,2025-11-17,2025-11-25
U0761,2025-11-17,2025-11-17
U0762,2025-11-17,2025-11-17
U0763,2025-11-17,2025-11-17
U0764,2025-11-17,2025-11-17
U0764,2025-11-17,2025-11-24
U0764,2025-11-17,2025-12-05
U0765,2025-11-17,2025-11-17
U0765,2025-11-17,2025-11-28
U0765,2025-11-17,2025-12-07
U0766,2025-11-17,2025-11-17
U0766,2025-11-17,2025-11-25
U0766,2025-11-17,2025-12-03
U0767,2025-11-17,2025-11-17
U0768,2025-11-17,2025-11-17
U0768,2025-11-17,2025-11-30
U0769,2025-11-17,2025-11-17
U0769,2025-11-17,2025-11-27
U0769,2025-11-17,2025-12-04
U0769,2025-11-17,2025-12-12
U0770,2025-11-17,2025-11-17
U0770,2025-11-17,2025-11-30
U0770,2025-11-17,2025-12-03
U0770,2025-11-17,2025-12-14
U0771,2025-11-17,2025-11-17
U0771,2025-11-17,2025-11-24
U0772,2025-11-17,2025-11-17
U0772,2025-11-17,2025-11-28
U0773,2025-11-17,2025-11-17
U0773,2025-11-17,2025-11-24
U0773,2025-11-17,2025-12-04
U0774,2025-11-17,2025-11-17
U0774,2025-11-17,2025-11-24
U0775,2025-11-17,2025-11-17
U0776,2025-11-17,2025-11-17
U0776,2025-11-17,2025-11-29
U0776,2025-11-17,2025-12-06
U0777,2025-11-17,2025-11-17
U0777,2025-11-17,2025-11-26
U0777,2025-11-17,2025-12-05
U0777,2025-11-17,2025-12-12
U0778,2025-11-17,2025-11-17
U0779,2025-11-17,2025-11-17
U0779,2025-11-17,2025-11-25
U0780,2025-11-17,2025-11-17
U0781,2025-11-24,2025-11-24
U0781,2025-11-24,2025-12-05
U0782,2025-11-24,2025-11-24
U0782,2025-11-24,2025-12-01
U0782,2025-11-24,2025-12-12
U0782,2025-11-24,2025-12-17
U0783,2025-11-24,2025-11-24
U0783,2025-11-24,2025-12-03
U0784,2025-11-24,2025-11-24
U0784,2025-11-24,2025-12-02
U0785,2025-11-24,2025-11-24
U0785,2025-11-24,2025-12-07
U0786,2025-11-24,2025-11-24
U0786,2025-11-24,2025-12-06
U0786,2025-11-24,2025-12-12
U0786,2025-11-24,2025-12-21
U0787,2025-11-24,2025-11-24
U0788,2025-11-24,2025-11-24
U0789,2025-11-24,2025-11-24
U0790,2025-11-24,2025-11-24
U0791,2025-11-24,2025-11-24
U0791,2025-11-24,2025-12-02
U0791,2025-11-24,2025-12-14
U0791,2025-11-24,2025-12-15
U0791,2025-11-24,2025-12-29
U0792,2025-11-24,2025-11-24
U0792,2025-11-24,2025-12-05
U0792,2025-11-24,2025-12-10
U0793,2025-11-24,2025-11-24
U0793,2025-11-24,2025-12-07
U0793,2025-11-24,2025-12-09
U0793,2025-11-24,2025-12-15
U0793,2025-11-24,2026-01-03
U0794,2025-11-24,2025-11-24
U0795,2025-11-24,2025-11-24
U0795,2025-11-24,2025-12-07
U0796,2025-11-24,2025-11-24
U0797,2025-11-24,2025-11-24
U0797,2025-11-24,2025-12-03
U0798,2025-11-24,2025-11-24
U0798,2025-11-24,2025-12-01
U0798,2025-11-24,2025-12-09
U0799,2025-11-24,2025-11-24
U0800,2025-11-24,2025-11-24
U0800,2025-11-24,2025-12-03
U0801,2025-11-24,2025-11-24
U0801,2025-11-24,2025-12-06
U0801,2025-11-24,2025-12-11
U0801,2025-11-24,2025-12-19
U0802,2025-11-24,2025-11-24
U0802,2025-11-24,2025-12-03
U0803,2025-11-24,2025-11-24
U0804,2025-11-24,2025-11-24
U0805,2025-11-24,2025-11-24
U0805,2025-11-24,2025-12-04
U0806,2025-11-24,2025-11-24
U0807,2025-11-24,2025-11-24
U0807,2025-11-24,2025-12-02
U0808,2025-11-24,2025-11-24
U0808,2025-11-24,2025-12-01
U0808,2025-11-24,2025-12-08
U0808,2025-11-24,2025-12-21
U0808,2025-11-24,2025-12-26
U0809,2025-11-24,2025-11-24
U0809,2025-11-24,2025-12-06
U0809,2025-11-24,2025-12-12
U0810,2025-11-24,2025-11-24
U0811,2025-11-24,2025-11-24
U0812,2025-11-24,2025-11-24
U0813,2025-11-24,2025-11-24
U0813,2025-11-24,2025-12-06
U0814,2025-11-24,2025-11-24
U0814,2025-11-24,2025-12-05
U0815,2025-11-24,2025-11-24
U0816,2025-11-24,2025-11-24
U0817,2025-11-24,2025-11-24
U0817,2025-11-24,2025-12-06
U0817,2025-11-24,2025-12-12
U0818,2025-11-24,2025-11-24
U0818,2025-11-24,2025-12-05
U0818,2025-11-24,2025-12-12
U0819,2025-11-24,2025-11-24
U0820,2025-11-24,2025-11-24
U0820,2025-11-24,2025-12-03
U0821,2025-11-24,2025-11-24
U0822,2025-11-24,2025-11-24
U0822,2025-11-24,2025-12-05
U0823,2025-11-24,2025-11-24
U0823,2025-11-24,2025-12-03
U0824,2025-11-24,2025-11-24
U0824,2025-11-24,2025-12-04
U0824,2025-11-24,2025-12-09
U0825,2025-11-24,2025-11-24
U0826,2025-11-24,2025-11-24
U0827,2025-11-24,2025-11-24
U0827,2025-11-24,2025-12-06
U0828,2025-11-24,2025-11-24
U0828,2025-11-24,2025-12-07
U0828,2025-11-24,2025-12-11
U0829,2025-11-24,2025-11-24
U0829,2025-11-24,2025-12-04
U0829,2025-11-24,2025-12-09
U0829,2025-11-24,2026-01-04
U0830,2025-11-24,2025-11-24
U0830,2025-11-24,2025-12-05
U0830,2025-11-24,2025-12-19
U0831,2025-11-24,2025-11-24
U0832,2025-11-24,2025-11-24
U0832,2025-11-24,2025-12-06
U0833,2025-11-24,2025-11-24
U0834,2025-11-24,2025-11-24
U0834,2025-11-24,2025-12-06
U0835,2025-11-24,2025-11-24
U0836,2025-11-24,2025-11-24
U0837,2025-11-24,2025-11-24
U0838,2025-11-24,2025-11-24
U0838,2025-11-24,2025-12-03
U0838,2025-11-24,2025-12-08
U0839,2025-11-24,2025-11-24
U0839,2025-11-24,2025-12-06
U0839,2025-11-24,2025-12-09
U0840,2025-11-24,2025-11-24
U0840,2025-11-24,2025-12-04
U0841,2025-11-24,2025-11-24
U0841,2025-11-24,2025-12-03
U0842,2025-11-24,2025-11-24
U0843,2025-11-24,2025-11-24
U0843,2025-11-24,2025-12-07
U0844,2025-11-24,2025-11-24
U0844,2025-11-24,2025-12-01
U0845,2025-11-24,2025-11-24
U0846,2025-11-24,2025-11-24
U0846,2025-11-24,2025-12-06
U0846,2025-11-24,2025-12-13
U0847,2025-11-24,2025-11-24
U0847,2025-11-24,2025-12-04
U0847,2025-11-24,2025-12-10
U0848,2025-11-24,2025-11-24
U0849,2025-11-24,2025-11-24
U0849,2025-11-24,2025-12-03
U0850,2025-11-24,2025-11-24
U0850,2025-11-24,2025-12-27
U0851,2025-12-01,2025-12-01
U0851,2025-12-01,2025-12-14
U0852,2025-12-01,2025-12-01
U0852,2025-12-01,2025-12-08
U0853,2025-12-01,2025-12-01
U0853,2025-12-01,2025-12-13
U0853,2025-12-01,2025-12-20
U0854,2025-12-01,2025-12-01
U0854,2025-12-01,2025-12-11
U0854,2025-12-01,2025-12-15
U0855,2025-12-01,2025-12-01
U0855,2025-12-01,2025-12-12
U0856,2025-12-01,2025-12-01
U0857,2025-12-01,2025-12-01
U0858,2025-12-01,2025-12-01
U0859,2025-12-01,2025-12-01
U0860,2025-12-01,2025-12-01
U0860,2025-12-01,2025-12-11
U0861,2025-12-01,2025-12-01
U0862,2025-12-01,2025-12-01
U0862,2025-12-01,2025-12-14
U0862,2025-12-01,2025-12-21
U0863,2025-12-01,2025-12-01
U0864,2025-12-01,2025-12-01
U0864,2025-12-01,2025-12-11
U0864,2025-12-01,2025-12-18
U0864,2025-12-01,2025-12-26
U0865,2025-12-01,2025-12-01
U0865,2025-12-01,2025-12-12
U0866,2025-12-01,2025-12-01
U0866,2025-12-01,2025-12-08
U0867,2025-12-01,2025-12-01
U0868,2025-12-01,2025-12-01
U0868,2025-12-01,2025-12-14
U0869,2025-12-01,2025-12-01
U0870,2025-12-01,2025-12-01
U0871,2025-12-01,2025-12-01
U0871,2025-12-01,2025-12-10
U0871,2025-12-01,2025-12-20
U0871,2025-12-01,2025-12-26
U0872,2025-12-01,2025-12-01
U0872,2025-12-01,2025-12-09
U0872,2025-12-01,2025-12-16
U0872,2025-12-01,2025-12-25
U0872,2025-12-01,2025-12-29
U0873,2025-12-01,2025-12-01
U0873,2025-12-01,2025-12-12
U0873,2025-12-01,2025-12-18
U0873,2025-12-01,2025-12-26
U0874,2025-12-01,2025-12-01
U0874,2025-12-01,2025-12-10
U0874,2025-12-01,2025-12-23
U0875,2025-12-01,2025-12-01
U0875,2025-12-01,2025-12-13
U0876,2025-12-01,2025-12-01
U0876,2025-12-01,2025-12-13
U0876,2025-12-01,2025-12-20
U0877,2025-12-01,2025-12-01
U0877,2025-12-01,2025-12-29
U0878,2025-12-01,2025-12-01
U0878,2025-12-01,2025-12-12
U0878,2025-12-01,2025-12-19
U0878,2025-12-01,2025-12-26
U0879,2025-12-01,2025-12-01
U0880,2025-12-01,2025-12-01
U0881,2025-12-01,2025-12-01
U0881,2025-12-01,2025-12-14
U0882,2025-12-01,2025-12-01
U0882,2025-12-01,2025-12-10
U0882,2025-12-01,2025-12-18
U0882,2025-12-01,2025-12-23
U0882,2025-12-01,2026-01-11
U0883,2025-12-01,2025-12-01
U0883,2025-12-01,2025-12-22
U0884,2025-12-01,2025-12-01
U0884,2025-12-01,2025-12-09
U0885,2025-12-01,2025-12-01
U0886,2025-12-01,2025-12-01
U0886,2025-12-01,2025-12-10
U0887,2025-12-01,2025-12-01
U0887,2025-12-01,2025-12-09
U0888,2025-12-01,2025-12-01
U0888,2025-12-01,2025-12-11
U0888,2025-12-01,2025-12-16
U0889,2025-12-01,2025-12-01
U0890,2025-12-01,2025-12-01
U0891,2025-12-01,2025-12-01
U0891,2025-12-01,2025-12-08
U0892,2025-12-01,2025-12-01
U0892,2025-12-01,2025-12-13
U0892,2025-12-01,2025-12-16
U0893,2025-12-01,2025-12-01
U0893,2025-12-01,2025-12-13
U0893,2025-12-01,2025-12-19
U0894,2025-12-01,2025-12-01
U0895,2025-12-01,2025-12-01
U0895,2025-12-01,2025-12-13
U0896,2025-12-01,2025-12-01
U0896,2025-12-01,2025-12-11
U0897,2025-12-01,2025-12-01
U0897,2025-12-01,2025-12-11
U0897,2025-12-01,2025-12-19
U0897,2025-12-01,2025-12-27
U0897,2025-12-01,2025-12-31
U0897,2025-12-01,2026-01-10
U0898,2025-12-01,2025-12-01
U0898,2025-12-01,2025-12-14
U0898,2025-12-01,2025-12-17
U0899,2025-12-01,2025-12-01
U0899,2025-12-01,2025-12-12
U0900,2025-12-01,2025-12-01
U0901,2025-12-01,2025-12-01
U0902,2025-12-01,2025-12-01
U0902,2025-12-01,2025-12-10
U0903,2025-12-01,2025-12-01
U0904,2025-12-01,2025-12-01
U0905,2025-12-01,2025-12-01
U0905,2025-12-01,2025-12-11
U0906,2025-12-08,2025-12-08
U0906,2025-12-08,2025-12-16
U0907,2025-12-08,2025-12-08
U0907,2025-12-08,2025-12-17
U0907,2025-12-08,2025-12-25
U0908,2025-12-08,2025-12-08
U0909,2025-12-08,2025-12-08
U0909,2025-12-08,2025-12-16
U0910,2025-12-08,2025-12-08
U0910,2025-12-08,2025-12-20
U0910,2025-12-08,2025-12-27
U0910,2025-12-08,2025-12-29
U0911,2025-12-08,2025-12-08
U0911,2025-12-08,2025-12-16
U0912,2025-12-08,2025-12-08
U0912,2025-12-08,2025-12-20
U0912,2025-12-08,2025-12-25
U0913,2025-12-08,2025-12-08
U0913,2025-12-08,2025-12-20
U0914,2025-12-08,2025-12-08
U0915,2025-12-08,2025-12-08
U0916,2025-12-08,2025-12-08
U0917,2025-12-08,2025-12-08
U0918,2025-12-08,2025-12-08
U0918,2025-12-08,2025-12-18
U0919,2025-12-08,2025-12-08
U0919,2025-12-08,2025-12-19
U0920,2025-12-08,2025-12-08
U0921,2025-12-08,2025-12-08
U0922,2025-12-08,2025-12-08
U0922,2025-12-08,2025-12-16
U0922,2025-12-08,2025-12-22
U0923,2025-12-08,2025-12-08
U0924,2025-12-08,2025-12-08
U0925,2025-12-08,2025-12-08
U0925,2025-12-08,2025-12-17
U0925,2025-12-08,2025-12-23
U0925,2025-12-08,2026-01-04
U0926,2025-12-08,2025-12-08
U0927,2025-12-08,2025-12-08
U0928,2025-12-08,2025-12-08
U0929,2025-12-08,2025-12-08
U0929,2025-12-08,2025-12-21
U0929,2025-12-08,2025-12-25
U0930,2025-12-08,2025-12-08
U0930,2025-12-08,2025-12-16
U0931,2025-12-08,2025-12-08
U0931,2025-12-08,2025-12-20
U0931,2025-12-08,2025-12-23
U0931,2025-12-08,2025-12-31
U0932,2025-12-08,2025-12-08
U0933,2025-12-08,2025-12-08
U0933,2025-12-08,2025-12-16
U0934,2025-12-08,2025-12-08
U0934,2025-12-08,2025-12-18
U0935,2025-12-08,2025-12-08
U0935,2025-12-08,2025-12-20
U0936,2025-12-08,2025-12-08
U0937,2025-12-08,2025-12-08
U0937,2025-12-08,2025-12-19
U0937,2025-12-08,2025-12-22
U0938,2025-12-08,2025-12-08
U0938,2025-12-08,2025-12-18
U0939,2025-12-08,2025-12-08
U0940,2025-12-08,2025-12-08
U0940,2025-12-08,2025-12-21
U0940,2025-12-08,2025-12-26
U0941,2025-12-08,2025-12-08
U0941,2025-12-08,2025-12-18
U0941,2025-12-08,2025-12-26
U0942,2025-12-08,2025-12-08
U0943,2025-12-08,2025-12-08
U0943,2025-12-08,2025-12-17
U0944,2025-12-08,2025-12-08
U0944,2025-12-08,2025-12-18
U0945,2025-12-08,2025-12-08
U0945,2025-12-08,2025-12-18
U0945,2025-12-08,2025-12-26
U0945,2025-12-08,2026-01-04
U0946,2025-12-08,2025-12-08
U0946,2025-12-08,2025-12-15
U0946,2025-12-08,2025-12-24
U0947,2025-12-08,2025-12-08
U0947,2025-12-08,2025-12-16
U0947,2025-12-08,2025-12-28
U0948,2025-12-08,2025-12-08
U0948,2025-12-08,2025-12-15
U0949,2025-12-08,2025-12-08
U0950,2025-12-08,2025-12-08
U0950,2025-12-08,2025-12-17
U0951,2025-12-08,2025-12-08
U0951,2025-12-08,2025-12-17
U0952,2025-12-08,2025-12-08
U0952,2025-12-08,2025-12-18
U0952,2025-12-08,2025-12-27
U0953,2025-12-08,2025-12-08
U0953,2025-12-08,2025-12-19
U0953,2025-12-08,2025-12-24
U0954,2025-12-08,2025-12-08
U0954,2025-12-08,2025-12-20
U0954,2025-12-08,2025-12-26
U0955,2025-12-08,2025-12-08
U0956,2025-12-08,2025-12-08
U0956,2025-12-08,2025-12-17
U0957,2025-12-08,2025-12-08
U0958,2025-12-08,2025-12-08
U0958,2025-12-08,2026-01-07
U0959,2025-12-08,2025-12-08
U0959,2025-12-08,2025-12-18
U0959,2025-12-08,2025-12-23
U0959,2025-12-08,2025-12-30
U0960,2025-12-08,2025-12-08
U0961,2025-12-08,2025-12-08
U0962,2025-12-08,2025-12-08
U0963,2025-12-08,2025-12-08
U0963,2025-12-08,2025-12-20
U0963,2025-12-08,2025-12-28
U0964,2025-12-08,2025-12-08
U0964,2025-12-08,2025-12-17
U0964,2025-12-08,2025-12-28
U0965,2025-12-08,2025-12-08
U0966,2025-12-15,2025-12-15
U0967,2025-12-15,2025-12-15
U0967,2025-12-15,2025-12-23
U0967,2025-12-15,2026-01-04
U0968,2025-12-15,2025-12-15
U0968,2025-12-15,2025-12-24
U0969,2025-12-15,2025-12-15
U0969,2025-12-15,2025-12-23
U0969,2025-12-15,2026-01-04
U0970,2025-12-15,2025-12-15
U0971,2025-12-15,2025-12-15
U0972,2025-12-15,2025-12-15
U0973,2025-12-15,2025-12-15
U0974,2025-12-15,2025-12-15
U0974,2025-12-15,2025-12-27
U0974,2025-12-15,2025-12-30
U0974,2025-12-15,2026-01-10
U0975,2025-12-15,2025-12-15
U0975,2025-12-15,2025-12-25
U0975,2025-12-15,2026-01-02
U0976,2025-12-15,2025-12-15
U0976,2025-12-15,2025-12-23
U0976,2025-12-15,2026-01-03
U0976,2025-12-15,2026-01-07
U0977,2025-12-15,2025-12-15
U0978,2025-12-15,2025-12-15
U0979,2025-12-15,2025-12-15
U0980,2025-12-15,2025-12-15
U0980,2025-12-15,2025-12-22
U0981,2025-12-15,2025-12-15
U0981,2025-12-15,2025-12-22
U0981,2025-12-15,2026-01-01
U0981,2025-12-15,2026-01-06
U0981,2025-12-15,2026-01-13
U0982,2025-12-15,2025-12-15
U0983,2025-12-15,2025-12-15
U0983,2025-12-15,2025-12-24
U0984,2025-12-15,2025-12-15
U0984,2025-12-15,2025-12-25
U0985,2025-12-15,2025-12-15
U0985,2025-12-15,2025-12-25
U0985,2025-12-15,2026-01-03
U0986,2025-12-15,2025-12-15
U0986,2025-12-15,2025-12-22
U0987,2025-12-15,2025-12-15
U0988,2025-12-15,2025-12-15
U0989,2025-12-15,2025-12-15
U0989,2025-12-15,2025-12-27
U0990,2025-12-15,2025-12-15
U0990,2025-12-15,2025-12-22
U0990,2025-12-15,2025-12-29
U0991,2025-12-15,2025-12-15
U0991,2025-12-15,2025-12-26
U0992,2025-12-15,2025-12-15
U0992,2025-12-15,2025-12-24
U0993,2025-12-15,2025-12-15
U0993,2025-12-15,2025-12-27
U0993,2025-12-15,2026-01-01
U0994,2025-12-15,2025-12-15
U0994,2025-12-15,2025-12-25
U0995,2025-12-15,2025-12-15
U0995,2025-12-15,2025-12-22
U0996,2025-12-15,2025-12-15
U0997,2025-12-15,2025-12-15
U0998,2025-12-15,2025-12-15
U0998,2025-12-15,2025-12-23
U0999,2025-12-15,2025-12-15
U0999,2025-12-15,2025-12-24
U0999,2025-12-15,2026-01-25
U1000,2025-12-15,2025-12-15
U1000,2025-12-15,2025-12-26
U1001,2025-12-15,2025-12-15
U1002,2025-12-15,2025-12-15
U1003,2025-12-15,2025-12-15
U1003,2025-12-15,2025-12-24
U1004,2025-12-15,2025-12-15
U1004,2025-12-15,2025-12-25
U1005,2025-12-15,2025-12-15
U1006,2025-12-15,2025-12-15
U1006,2025-12-15,2025-12-28
U1006,2025-12-15,2026-01-03
U1007,2025-12-15,2025-12-15
U1007,2025-12-15,2025-12-26
U1007,2025-12-15,2026-01-04
U1007,2025-12-15,2026-01-11
U1008,2025-12-15,2025-12-15
U1008,2025-12-15,2025-12-25
U1009,2025-12-15,2025-12-15
U1010,2025-12-15,2025-12-15
U1010,2025-12-15,2025-12-27
